transacao,loja,status,valor,dh_pagamento,dh_estorno,dif_minutos,hora_fim_expediente,fraude
1103,6,ESTORNADO,25.5,2024-09-16 16:27:38.910000,2024-09-16 19:34:57.287000,187,15:00:00,1
1115,6,ESTORNADO,29,2024-09-11 14:16:45.427000,2024-09-11 19:29:29.905000,312,15:00:00,1
1099,5,ESTORNADO,19.05,2024-11-28 16:58:26.353000,2024-11-28 20:12:07.534000,193,17:00:00,1
1101,5,ESTORNADO,39.5,2024-02-23 16:45:40.512000,2024-02-23 20:07:16.365000,201,17:00:00,1
1072,4,ESTORNADO,58.2,2024-10-16 16:33:23.499000,2024-10-16 19:54:11.184000,200,16:30:00,1
1033,3,ESTORNADO,22,2024-11-27 21:29:10.351000,2024-11-27 21:29:28.257000,0,17:00:00,1
1039,3,ESTORNADO,22,2024-11-27 21:00:50.926000,2024-11-27 21:01:16.930000,0,17:00:00,1
1041,3,ESTORNADO,23.6,2024-11-27 20:43:15.501000,2024-11-27 20:44:03.463000,0,17:00:00,1
1015,2,ESTORNADO,40,2024-07-19 12:51:24.761000,2024-07-19 19:04:06.275000,372,18:00:00,1
1016,2,ESTORNADO,22,2024-10-02 11:35:31.620000,2024-10-02 19:08:08.770000,452,18:00:00,1
1034,2,ESTORNADO,20.6,2024-10-15 11:11:45.880000,2024-10-15 19:18:23.565000,486,18:00:00,1
1035,2,ESTORNADO,171.3,2024-12-09 16:47:47.609000,2024-12-09 19:49:35.873000,181,18:00:00,1
1053,2,ESTORNADO,10.3,2024-10-09 12:59:22.762000,2024-10-09 19:04:57.683000,365,18:00:00,1
1087,2,ESTORNADO,168.8,2024-12-02 18:04:59.330000,2024-12-02 19:06:50.404000,61,18:00:00,1
1105,2,ESTORNADO,20.6,2024-08-06 17:24:38.925000,2024-08-06 19:16:05.571000,111,18:00:00,1
1001,1,ESTORNADO,5.1,2024-11-21 10:43:18.350000,2024-11-21 20:14:13.401000,570,17:00:00,1
1002,1,ESTORNADO,361.55,2024-10-24 14:13:41.446000,2024-10-24 20:16:10.307000,362,17:00:00,1
1003,1,ESTORNADO,443.7,2024-09-30 12:15:43.145000,2024-09-30 20:24:28.176000,488,17:00:00,1
1004,1,ESTORNADO,10.2,2024-11-22 16:49:18.031000,2024-11-22 20:34:22.560000,225,17:00:00,1
1005,1,ESTORNADO,191.25,2024-07-15 15:41:16.093000,2024-07-15 20:46:46.134000,305,17:00:00,1
1006,1,ESTORNADO,136.75,2024-07-15 09:53:13.786000,2024-07-15 20:48:20.304000,655,17:00:00,1
1007,1,ESTORNADO,10.2,2024-11-22 16:48:35.705000,2024-11-22 20:32:59.940000,224,17:00:00,1
1008,1,ESTORNADO,372.3,2024-11-22 13:55:42.302000,2024-11-22 20:31:49.695000,396,17:00:00,1
1009,1,ESTORNADO,355,2024-09-26 10:46:59.550000,2024-09-26 20:16:37.582000,569,17:00:00,1
1010,1,ESTORNADO,355,2024-09-26 10:59:58.752000,2024-09-26 20:14:56.085000,554,17:00:00,1
1011,1,ESTORNADO,26,2024-09-26 13:31:43.367000,2024-09-26 20:14:33.993000,402,17:00:00,1
1012,1,ESTORNADO,92.6,2024-03-18 16:09:04.656000,2024-03-18 20:19:23.916000,250,17:00:00,1
1013,1,ESTORNADO,130.05,2025-01-06 15:23:59.015000,2025-01-06 20:28:00.309000,304,17:00:00,1
1014,1,ESTORNADO,15.3,2024-07-19 09:14:34.527000,2024-07-19 20:32:28.875000,677,17:00:00,1
1017,1,ESTORNADO,124.95,2024-07-22 12:37:32.429000,2024-07-22 20:08:21.937000,450,17:00:00,1
1018,1,ESTORNADO,5.1,2024-11-21 10:40:42.879000,2024-11-21 20:13:55.126000,573,17:00:00,1
1019,1,ESTORNADO,68.69,2024-07-23 17:03:25.202000,2024-07-23 20:06:28.866000,183,17:00:00,1
1020,1,ESTORNADO,298.35,2024-07-23 10:11:44.493000,2024-07-23 20:29:57.261000,618,17:00:00,1
1021,1,ESTORNADO,29.8,2024-07-24 14:00:15.773000,2024-07-24 20:40:20.558000,400,17:00:00,1
1022,1,ESTORNADO,104.55,2024-07-24 14:31:49.746000,2024-07-24 20:42:05.059000,370,17:00:00,1
1023,1,ESTORNADO,15.3,2024-11-21 10:41:44.178000,2024-11-21 20:11:23.372000,569,17:00:00,1
1024,1,ESTORNADO,79.05,2025-01-14 15:30:18.663000,2025-01-14 20:29:40.455000,299,17:00:00,1
1025,1,ESTORNADO,355.45,2024-09-24 09:32:55.203000,2024-09-24 20:31:00.811000,658,17:00:00,1
1026,1,ESTORNADO,230.6,2025-01-21 11:16:11.186000,2025-01-21 20:29:34.708000,553,17:00:00,1
1027,1,ESTORNADO,91.8,2024-07-25 09:37:20.880000,2024-07-25 20:24:03.144000,646,17:00:00,1
1028,1,ESTORNADO,369.75,2025-01-22 10:44:21.919000,2025-01-22 20:18:13.175000,573,17:00:00,1
1029,1,ESTORNADO,89.25,2025-01-22 14:20:55.471000,2025-01-22 20:18:35.861000,357,17:00:00,1
1030,1,ESTORNADO,53.55,2025-01-22 14:23:05.624000,2025-01-22 20:18:52.969000,355,17:00:00,1
1031,1,ESTORNADO,177.5,2024-12-16 17:08:39.156000,2024-12-16 20:56:59.029000,228,17:00:00,1
1032,1,ESTORNADO,99.8,2024-04-22 16:58:07.402000,2024-04-22 20:01:25.946000,183,17:00:00,1
1036,1,ESTORNADO,91.8,2024-11-27 14:41:07.261000,2024-11-27 21:01:38.113000,380,17:00:00,1
1037,1,ESTORNADO,18.05,2024-12-11 14:53:45.977000,2024-12-11 20:30:30.354000,336,17:00:00,1
1038,1,ESTORNADO,218.55,2024-06-26 16:52:59.985000,2024-06-26 20:29:34.515000,216,17:00:00,1
1040,1,ESTORNADO,303.45,2024-12-13 09:15:37.840000,2024-12-13 20:44:02.058000,688,17:00:00,1
1042,1,ESTORNADO,933.65,2024-12-16 11:01:17.092000,2024-12-16 20:55:14.056000,593,17:00:00,1
1043,1,ESTORNADO,177.5,2024-12-16 17:05:21.572000,2024-12-16 20:55:40.381000,230,17:00:00,1
1044,1,ESTORNADO,177.5,2024-12-16 17:04:01.487000,2024-12-16 20:56:10.295000,232,17:00:00,1
1045,1,ESTORNADO,177.5,2024-12-16 17:06:42.250000,2024-12-16 20:56:38.218000,229,17:00:00,1
1046,1,ESTORNADO,53.55,2024-07-25 09:35:52.678000,2024-07-25 20:24:24.662000,648,17:00:00,1
1047,1,ESTORNADO,52.05,2024-11-26 10:41:53.956000,2024-11-26 20:31:25.096000,589,17:00:00,1
1048,1,ESTORNADO,216.55,2024-10-10 14:43:02.242000,2024-10-10 20:34:49.826000,351,17:00:00,1
1049,1,ESTORNADO,69.85,2024-12-17 09:52:50.095000,2024-12-17 20:29:52.565000,637,17:00:00,1
1050,1,ESTORNADO,61.2,2024-12-17 11:20:24.578000,2024-12-17 21:05:01.876000,584,17:00:00,1
1051,1,ESTORNADO,23.6,2024-06-21 16:43:45.279000,2024-06-21 20:29:50.201000,226,17:00:00,1
1052,1,ESTORNADO,263.8,2024-05-06 16:42:08.068000,2024-05-06 20:37:21.764000,235,17:00:00,1
1054,1,ESTORNADO,38.9,2024-04-05 17:10:23.324000,2024-04-05 20:14:47.810000,184,17:00:00,1
1055,1,ESTORNADO,94.35,2024-10-07 11:19:58.314000,2024-10-07 20:48:07.669000,568,17:00:00,1
1056,1,ESTORNADO,22,2024-06-11 17:02:30.590000,2024-06-11 20:51:04.676000,228,17:00:00,1
1057,1,ESTORNADO,130.05,2024-12-20 11:32:12.123000,2024-12-20 20:19:22.538000,527,17:00:00,1
1058,1,ESTORNADO,49.25,2024-12-20 14:04:06.234000,2024-12-20 20:20:01.646000,375,17:00:00,1
1059,1,ESTORNADO,27.5,2024-11-25 15:23:58.380000,2024-11-25 20:34:11.193000,310,17:00:00,1
1060,1,ESTORNADO,25.5,2024-08-15 10:47:50.886000,2024-08-15 20:20:36.352000,572,17:00:00,1
1061,1,ESTORNADO,53.55,2025-02-20 09:29:51.296569,2025-02-20 20:38:47.157773,668,17:00:00,1
1062,1,ESTORNADO,91.8,2024-08-26 14:42:05.279000,2024-08-26 20:31:32.796000,349,17:00:00,1
1063,1,ESTORNADO,15.3,2025-02-20 09:24:05.450538,2025-02-20 20:39:24.171703,675,17:00:00,1
1064,1,ESTORNADO,86.7,2025-02-21 14:42:42.589224,2025-02-21 20:28:07.114816,345,17:00:00,1
1065,1,ESTORNADO,53.55,2025-02-21 14:40:22.696085,2025-02-21 20:28:22.653289,348,17:00:00,1
1066,1,ESTORNADO,328.85,2025-02-21 13:23:55.613907,2025-02-21 20:35:45.172130,431,17:00:00,1
1067,1,ESTORNADO,17.75,2024-11-14 15:31:32.988000,2024-11-14 20:21:58.778000,290,17:00:00,1
1068,1,ESTORNADO,10.65,2024-11-13 12:43:21.433000,2024-11-13 20:11:35.565000,448,17:00:00,1
1069,1,ESTORNADO,81.6,2025-02-24 10:26:57.684485,2025-02-24 20:37:53.269093,610,17:00:00,1
1070,1,ESTORNADO,9.85,2024-01-31 16:57:15.583000,2024-01-31 20:10:29.316000,193,17:00:00,1
1071,1,ESTORNADO,160.98,2025-02-24 16:49:15.082930,2025-02-24 20:38:50.247243,229,17:00:00,1
1073,1,ESTORNADO,24.75,2024-08-15 10:44:52.657000,2024-08-15 20:15:20.238000,570,17:00:00,1
1074,1,ESTORNADO,39.05,2024-08-15 10:43:30.823000,2024-08-15 20:15:40.823000,572,17:00:00,1
1075,1,ESTORNADO,467.3,2025-02-19 17:19:09.644725,2025-02-19 20:42:51.919293,203,17:00:00,1
1076,1,ESTORNADO,99.45,2024-09-05 09:44:54.277000,2024-09-05 20:09:59.766000,625,17:00:00,1
1077,1,ESTORNADO,76.5,2024-11-11 15:45:53.219000,2024-11-11 20:33:36.912000,287,17:00:00,1
1078,1,ESTORNADO,96.9,2024-11-11 13:31:08.371000,2024-11-11 20:32:59.452000,421,17:00:00,1
1079,1,ESTORNADO,76.5,2024-08-19 14:27:49.166000,2024-08-19 20:14:18.116000,346,17:00:00,1
1080,1,ESTORNADO,106.55,2024-11-08 10:51:33.940000,2024-11-08 20:08:07.044000,556,17:00:00,1
1081,1,ESTORNADO,104,2025-02-28 09:35:02.956743,2025-02-28 20:07:03.802029,632,17:00:00,1
1082,1,ESTORNADO,79.05,2024-09-02 14:53:27.301000,2024-09-02 20:23:12.585000,329,17:00:00,1
1083,1,ESTORNADO,201.45,2024-11-06 16:27:29.050000,2024-11-06 20:43:34.616000,256,17:00:00,1
1084,1,ESTORNADO,86.7,2024-08-28 14:13:34.808000,2024-08-28 20:32:24.616000,378,17:00:00,1
1085,1,ESTORNADO,436.05,2024-08-22 09:18:56.219000,2024-08-22 20:33:12.917000,674,17:00:00,1
1086,1,ESTORNADO,96.9,2025-03-06 10:54:15.213741,2025-03-06 20:13:59.492463,559,17:00:00,1
1088,1,ESTORNADO,7.65,2024-05-29 17:15:35.013000,2024-05-29 20:19:22.472000,183,17:00:00,1
1089,1,ESTORNADO,735.4,2025-02-10 16:30:42.217776,2025-02-10 20:16:49.490103,226,17:00:00,1
1090,1,ESTORNADO,22,2024-06-05 17:03:17.921000,2024-06-05 20:04:32.509000,181,17:00:00,1
1091,1,ESTORNADO,104.55,2024-09-23 09:57:04.822000,2024-09-23 20:30:27.194000,633,17:00:00,1
1092,1,ESTORNADO,10.65,2024-11-19 15:43:09.923000,2024-11-19 20:34:44.277000,291,17:00:00,1
1093,1,ESTORNADO,155.55,2024-09-20 12:02:47.390000,2024-09-20 20:26:31.428000,503,17:00:00,1
1094,1,ESTORNADO,43.35,2024-09-20 16:04:39.099000,2024-09-20 20:25:04.280000,260,17:00:00,1
1095,1,ESTORNADO,40,2024-11-19 17:13:29.769000,2024-11-19 20:24:39.748000,191,17:00:00,1
1096,1,ESTORNADO,91.8,2024-10-24 14:20:00.356000,2024-10-24 20:20:50.835000,360,17:00:00,1
1097,1,ESTORNADO,86.7,2024-08-01 15:20:39.007000,2024-08-01 20:28:08.140000,307,17:00:00,1
1098,1,ESTORNADO,76.5,2025-02-05 14:23:07.775241,2025-02-05 20:16:36.792613,353,17:00:00,1
1100,1,ESTORNADO,44.55,2024-09-17 15:18:49.556000,2024-09-17 20:11:39.324000,292,17:00:00,1
1102,1,ESTORNADO,107.1,2024-09-16 13:56:02.615000,2024-09-16 20:23:29.500000,387,17:00:00,1
1104,1,ESTORNADO,84.15,2024-11-18 13:34:56.552000,2024-11-18 20:21:59.466000,407,17:00:00,1
1106,1,ESTORNADO,477.38,2025-02-12 17:10:33.946748,2025-02-12 20:21:42.759000,191,17:00:00,1
1107,1,ESTORNADO,10.2,2024-12-03 14:44:23.085000,2024-12-03 20:46:59.434000,362,17:00:00,1
1108,1,ESTORNADO,47.5,2025-02-13 14:42:14.875732,2025-02-13 20:26:57.119265,344,17:00:00,1
1109,1,ESTORNADO,79.05,2024-12-03 14:42:22.514000,2024-12-03 20:39:02.945000,356,17:00:00,1
1110,1,ESTORNADO,26.25,2025-02-14 16:24:02.761872,2025-02-14 20:28:06.901981,244,17:00:00,1
1111,1,ESTORNADO,71.4,2024-10-28 15:12:48.811000,2024-10-28 20:26:55.827000,314,17:00:00,1
1112,1,ESTORNADO,70.9,2024-08-12 16:35:23.397000,2024-08-12 20:07:51.706000,212,17:00:00,1
1113,1,ESTORNADO,260.5,2025-02-17 16:59:28.477018,2025-02-17 20:32:53.777302,213,17:00:00,1
1114,1,ESTORNADO,351.9,2025-02-17 16:41:07.935717,2025-02-17 20:33:14.426590,232,17:00:00,1
1116,1,ESTORNADO,63.75,2024-08-13 15:15:59.748000,2024-08-13 20:24:57.461000,308,17:00:00,1
1413,18,ESTORNADO,25.5,2024-07-25 15:00:21.377000,2024-07-25 16:07:50.283000,67,17:00:00,0
1447,18,ESTORNADO,27,2024-08-06 14:59:44.194000,2024-08-06 15:11:47.399000,12,17:00:00,0
1461,18,ESTORNADO,33.25,2024-05-16 08:44:16.583000,2024-05-16 09:25:40.722000,41,17:00:00,0
1467,18,ESTORNADO,34.75,2024-05-13 15:06:03.719000,2024-05-13 16:04:13.893000,58,17:00:00,0
1473,18,ESTORNADO,33.25,2024-05-17 13:11:48.815000,2024-05-17 13:59:14.466000,47,17:00:00,0
1387,17,ESTORNADO,63,2024-02-18 13:56:11.739000,2024-02-18 13:58:41.067000,2,17:00:00,0
1240,16,ESTORNADO,10.3,2024-11-21 12:13:57.569000,2024-11-21 12:16:13.481000,2,18:00:00,0
1179,15,ESTORNADO,22,2025-02-05 10:48:15.655852,2025-02-05 10:49:23.232923,1,17:00:00,0
1162,14,ESTORNADO,34.75,2024-10-16 16:15:25.935000,2024-10-16 16:32:29.036000,17,17:00:00,0
1154,13,ESTORNADO,392.5,2024-10-16 14:12:14.196000,2024-10-16 14:24:47.549000,12,16:30:00,0
1152,12,ESTORNADO,38.24,2024-10-16 14:47:09.510000,2024-10-16 14:49:58.302000,2,17:00:00,0
1153,12,ESTORNADO,38.24,2024-10-16 14:37:34.408000,2024-10-16 14:40:33.358000,2,17:00:00,0
1149,11,ESTORNADO,0,2024-08-27 12:34:09.592000,2024-08-27 14:11:11.143000,97,18:00:00,0
1429,11,ESTORNADO,0,2024-08-26 15:23:51.729000,2024-08-26 16:38:07.385000,74,18:00:00,0
1431,11,ESTORNADO,0,2024-08-23 12:16:47.488000,2024-08-23 12:49:08.435000,32,18:00:00,0
1432,11,ESTORNADO,0,2024-08-22 14:48:48.858000,2024-08-22 16:04:55.187000,76,18:00:00,0
1433,11,ESTORNADO,0,2024-08-22 10:30:46.345000,2024-08-22 14:10:52.586000,220,18:00:00,0
1146,10,ESTORNADO,0,2024-08-29 11:28:55.822000,2024-08-29 11:30:25.122000,1,18:00:00,0
1145,9,ESTORNADO,27,2024-09-03 09:51:34.931000,2024-09-03 09:54:47.960000,3,17:00:00,0
1168,9,ESTORNADO,60.8,2024-09-27 14:10:48.799000,2024-09-27 14:11:35.185000,0,17:00:00,0
1308,9,ESTORNADO,11.3,2024-04-29 14:12:20.253000,2024-04-29 14:30:09.105000,17,17:00:00,0
1401,9,ESTORNADO,19.05,2024-07-18 15:51:57.068000,2024-07-18 16:32:33.250000,40,17:00:00,0
1466,9,ESTORNADO,19.05,2024-05-14 13:52:57.642000,2024-05-14 13:55:42.391000,2,17:00:00,0
1484,9,ESTORNADO,38.1,2024-05-02 13:39:11.454000,2024-05-02 14:58:03.601000,78,17:00:00,0
1511,9,ESTORNADO,21.6,2024-05-28 15:45:24.219000,2024-05-28 15:46:17.655000,0,17:00:00,0
1120,8,ESTORNADO,36.99,2024-10-16 15:37:45.949000,2024-10-16 16:42:49.766000,65,17:00:00,0
1118,7,ESTORNADO,27,2024-10-21 13:10:11.110000,2024-10-21 13:13:10.745000,2,16:00:00,0
1157,7,ESTORNADO,25.5,2024-10-14 10:06:45.231000,2024-10-14 12:29:35.959000,142,16:00:00,0
1158,7,ESTORNADO,25.5,2024-10-14 09:41:23.618000,2024-10-14 09:56:03.224000,14,16:00:00,0
1171,7,ESTORNADO,25.5,2024-09-26 09:24:59.533000,2024-09-26 10:57:34.629000,92,16:00:00,0
1186,7,ESTORNADO,10.3,2025-01-23 13:20:10.360000,2025-01-23 13:21:26.067000,1,16:00:00,0
1197,7,ESTORNADO,15.56,2025-01-07 11:01:41.052000,2025-01-07 13:10:33.200000,128,16:00:00,0
1210,7,ESTORNADO,105.5,2025-02-27 15:52:06.029632,2025-02-27 15:56:32.961409,4,16:00:00,0
1211,7,ESTORNADO,15.56,2025-01-07 10:08:49.265000,2025-01-07 10:48:16.043000,39,16:00:00,0
1220,7,ESTORNADO,27,2025-02-19 15:24:19.272923,2025-02-19 15:28:07.609293,3,16:00:00,0
1258,7,ESTORNADO,34.75,2024-12-30 09:21:08.320000,2024-12-30 09:22:20.826000,1,16:00:00,0
1217,6,ESTORNADO,22,2025-02-24 10:07:07.326019,2025-02-24 11:28:40.467978,81,15:00:00,0
1182,5,ESTORNADO,12.7,2025-01-29 15:58:29.304000,2025-01-29 16:12:09.708000,13,17:00:00,0
1183,5,ESTORNADO,10.3,2025-01-29 12:48:56.719000,2025-01-29 12:52:29.213000,3,17:00:00,0
1185,5,ESTORNADO,19.05,2025-02-13 09:42:54.727671,2025-02-13 09:53:46.698097,10,17:00:00,0
1187,5,ESTORNADO,10.3,2025-01-23 11:46:55.646000,2025-01-23 11:56:53.276000,9,17:00:00,0
1192,5,ESTORNADO,12.7,2025-01-13 12:38:23.724000,2025-01-13 13:28:11.547000,49,17:00:00,0
1195,5,ESTORNADO,10.3,2025-01-08 15:34:10.226000,2025-01-08 15:42:14.961000,8,17:00:00,0
1206,5,ESTORNADO,11.3,2025-03-06 12:43:14.400358,2025-03-06 12:51:13.852261,7,17:00:00,0
1207,5,ESTORNADO,12.7,2025-03-05 14:15:59.908874,2025-03-05 14:23:26.088535,7,17:00:00,0
1216,5,ESTORNADO,27,2025-02-25 10:07:12.249069,2025-02-25 10:12:40.084968,5,17:00:00,0
1218,5,ESTORNADO,10.3,2025-02-24 11:09:38.951969,2025-02-24 11:13:54.983629,4,17:00:00,0
1228,5,ESTORNADO,10.3,2024-12-05 10:42:15.295000,2024-12-05 11:45:15.142000,62,17:00:00,0
1244,5,ESTORNADO,11.3,2024-11-18 13:37:52.153000,2024-11-18 13:41:46.516000,3,17:00:00,0
1249,5,ESTORNADO,11.3,2024-11-05 09:55:13.468000,2024-11-05 10:08:16.707000,13,17:00:00,0
1262,5,ESTORNADO,27,2024-12-23 10:16:02.895000,2024-12-23 15:04:46.838000,288,17:00:00,0
1265,5,ESTORNADO,12.7,2024-12-20 10:47:25.599000,2024-12-20 10:52:56.481000,5,17:00:00,0
1266,5,ESTORNADO,12.7,2024-12-20 10:46:12.423000,2024-12-20 10:51:48.316000,5,17:00:00,0
1306,5,ESTORNADO,45.74,2024-03-07 08:49:45.136000,2024-03-07 08:55:08.717000,5,17:00:00,0
1327,5,ESTORNADO,10.3,2024-04-11 10:21:21.171000,2024-04-11 10:29:55.446000,8,17:00:00,0
1336,5,ESTORNADO,10.3,2024-04-04 14:49:53.301000,2024-04-04 15:16:26.857000,26,17:00:00,0
1357,5,ESTORNADO,31,2024-01-11 11:51:36.387000,2024-01-11 11:54:22.958000,2,17:00:00,0
1372,5,ESTORNADO,9.85,2024-03-04 15:44:46.271000,2024-03-04 15:54:50.090000,10,17:00:00,0
1403,5,ESTORNADO,41.2,2024-07-16 11:57:26.086000,2024-07-16 12:47:05.278000,49,17:00:00,0
1404,5,ESTORNADO,31.8,2024-07-16 11:58:46.462000,2024-07-16 12:08:02.549000,9,17:00:00,0
1405,5,ESTORNADO,23.6,2024-07-16 11:54:50.743000,2024-07-16 12:00:43.768000,5,17:00:00,0
1444,5,ESTORNADO,49.77,2024-08-09 09:05:18.030000,2024-08-09 09:10:45.192000,5,17:00:00,0
1117,2,ESTORNADO,28.6,2024-10-30 15:47:39.594000,2024-10-30 15:50:09.882000,2,18:00:00,0
1122,2,ESTORNADO,76.9,2024-10-23 16:33:14.012000,2024-10-23 17:24:25.217000,51,18:00:00,0
1123,2,ESTORNADO,22,2024-10-24 14:21:22.836000,2024-10-24 17:56:13.150000,214,18:00:00,0
1124,2,ESTORNADO,19.05,2024-10-25 11:55:39.038000,2024-10-25 13:04:15.253000,68,18:00:00,0
1128,2,ESTORNADO,26.1,2024-10-30 13:37:03.016000,2024-10-30 15:44:45.687000,127,18:00:00,0
1132,2,ESTORNADO,11.3,2024-09-20 12:50:43.353000,2024-09-20 17:57:38.063000,306,18:00:00,0
1133,2,ESTORNADO,301.6,2024-09-19 15:38:27.699000,2024-09-19 15:42:42.531000,4,18:00:00,0
1134,2,ESTORNADO,23.6,2024-09-18 11:05:15.709000,2024-09-18 16:35:03.771000,329,18:00:00,0
1141,2,ESTORNADO,10.3,2024-09-25 12:33:41.094000,2024-09-25 15:58:23.289000,204,18:00:00,0
1144,2,ESTORNADO,30.8,2024-09-04 09:22:59.250000,2024-09-04 10:19:51.530000,56,18:00:00,0
1147,2,ESTORNADO,47.19,2024-08-27 17:40:39.731000,2024-08-27 17:45:39.394000,4,18:00:00,0
1150,2,ESTORNADO,10.3,2025-03-11 14:02:19.262029,2025-03-11 14:03:16.700808,0,18:00:00,0
1155,2,ESTORNADO,29.75,2024-10-16 11:08:17.172000,2024-10-16 11:15:13.415000,6,18:00:00,0
1163,2,ESTORNADO,72.8,2024-10-07 14:40:49.236000,2024-10-07 14:42:16.766000,1,18:00:00,0
1164,2,ESTORNADO,424.2,2024-10-03 15:58:13.619000,2024-10-03 16:05:26.443000,7,18:00:00,0
1166,2,ESTORNADO,50.5,2024-10-01 11:19:24.143000,2024-10-01 11:30:22.890000,10,18:00:00,0
1170,2,ESTORNADO,26,2024-09-26 13:37:02.828000,2024-09-26 13:51:05.324000,14,18:00:00,0
1174,2,ESTORNADO,172,2025-02-11 14:17:13.810909,2025-02-11 14:21:25.798730,4,18:00:00,0
1175,2,ESTORNADO,30.8,2025-02-07 14:55:21.147096,2025-02-07 14:58:55.832222,3,18:00:00,0
1178,2,ESTORNADO,70,2025-02-06 09:38:15.573826,2025-02-06 10:02:51.545125,24,18:00:00,0
1184,2,ESTORNADO,51.4,2025-01-29 11:58:40.185000,2025-01-29 12:05:46.842000,7,18:00:00,0
1188,2,ESTORNADO,44.85,2025-01-22 12:55:54.472000,2025-01-22 14:26:12.127000,90,18:00:00,0
1190,2,ESTORNADO,23.6,2025-01-14 14:21:12.822000,2025-01-14 14:22:48.060000,1,18:00:00,0
1193,2,ESTORNADO,22,2025-01-09 14:08:28.047000,2025-01-09 14:10:22.862000,1,18:00:00,0
1196,2,ESTORNADO,22,2025-01-08 10:08:19.312000,2025-01-08 11:32:17.363000,83,18:00:00,0
1200,2,ESTORNADO,22,2025-03-11 13:32:12.445490,2025-03-11 13:34:52.564024,2,18:00:00,0
1201,2,ESTORNADO,44,2025-03-10 14:23:25.167039,2025-03-10 14:51:17.314444,27,18:00:00,0
1205,2,ESTORNADO,20.6,2025-03-06 13:08:24.332024,2025-03-06 13:28:31.654911,20,18:00:00,0
1221,2,ESTORNADO,10.3,2025-02-17 16:05:44.036541,2025-02-17 16:09:28.525778,3,18:00:00,0
1223,2,ESTORNADO,2068.8,2025-02-13 16:54:58.377362,2025-02-13 17:33:26.026801,38,18:00:00,0
1224,2,ESTORNADO,2.55,2024-11-26 10:22:11.159000,2024-11-26 10:26:13.888000,4,18:00:00,0
1225,2,ESTORNADO,11.3,2024-12-09 13:14:42.510000,2024-12-09 13:16:03.700000,1,18:00:00,0
1227,2,ESTORNADO,188.7,2024-12-05 16:10:29.358000,2024-12-05 16:11:34.341000,1,18:00:00,0
1229,2,ESTORNADO,27,2024-12-03 15:03:48.788000,2024-12-03 15:11:30.017000,7,18:00:00,0
1232,2,ESTORNADO,22,2024-12-02 09:56:53.086000,2024-12-02 11:32:18.348000,95,18:00:00,0
1233,2,ESTORNADO,305,2024-11-29 17:20:19.517000,2024-11-29 17:22:54.431000,2,18:00:00,0
1234,2,ESTORNADO,372.2,2024-11-29 16:13:46.884000,2024-11-29 16:44:38.633000,30,18:00:00,0
1236,2,ESTORNADO,2.55,2024-11-26 10:40:39.715000,2024-11-26 10:41:35.230000,0,18:00:00,0
1238,2,ESTORNADO,40,2024-11-25 17:18:25.855000,2024-11-25 17:29:30.333000,11,18:00:00,0
1239,2,ESTORNADO,3.55,2024-11-22 09:06:18.900000,2024-11-22 17:35:32.037000,509,18:00:00,0
1243,2,ESTORNADO,10.3,2024-11-18 14:24:00.362000,2024-11-18 14:24:59.163000,0,18:00:00,0
1245,2,ESTORNADO,399.15,2024-11-18 10:54:24.478000,2024-11-18 10:55:15.503000,0,18:00:00,0
1246,2,ESTORNADO,56.1,2024-11-13 16:10:49.858000,2024-11-13 16:41:29.434000,30,18:00:00,0
1247,2,ESTORNADO,212.2,2024-11-05 15:02:33.980000,2024-11-05 17:08:06.293000,125,18:00:00,0
1250,2,ESTORNADO,11.3,2024-12-23 14:42:52.382000,2024-12-23 14:49:51.071000,6,18:00:00,0
1255,2,ESTORNADO,29,2025-01-02 15:49:04.232000,2025-01-02 15:53:57.243000,4,18:00:00,0
1256,2,ESTORNADO,34.2,2024-12-30 13:16:14.968000,2024-12-30 13:44:00.909000,27,18:00:00,0
1259,2,ESTORNADO,60.55,2024-12-26 12:50:32.248000,2024-12-26 12:52:30.626000,1,18:00:00,0
1260,2,ESTORNADO,48,2024-12-24 14:31:23.673000,2024-12-24 14:33:26.131000,2,18:00:00,0
1263,2,ESTORNADO,47.7,2024-11-04 14:31:34.163000,2024-11-04 17:55:17.841000,203,18:00:00,0
1268,2,ESTORNADO,27,2024-12-18 16:58:33.035000,2024-12-18 17:01:06.503000,2,18:00:00,0
1273,2,ESTORNADO,27,2024-12-12 09:06:54.573000,2024-12-12 09:11:05.132000,4,18:00:00,0
1274,2,ESTORNADO,504.82,2024-12-11 17:41:47.176000,2024-12-11 17:54:58.017000,13,18:00:00,0
1282,2,ESTORNADO,88.1,2024-03-28 13:03:16.525000,2024-03-28 13:05:18.772000,2,18:00:00,0
1284,2,ESTORNADO,38.2,2024-03-27 14:39:02.628000,2024-03-27 15:26:44.175000,47,18:00:00,0
1285,2,ESTORNADO,794.25,2024-03-27 11:05:37.396000,2024-03-27 11:07:34.399000,1,18:00:00,0
1286,2,ESTORNADO,24.9,2024-03-25 14:50:40.453000,2024-03-25 15:00:58.659000,10,18:00:00,0
1291,2,ESTORNADO,9.85,2024-03-18 15:25:33.121000,2024-03-18 16:32:02.241000,66,18:00:00,0
1292,2,ESTORNADO,189.25,2024-04-04 14:20:17.955000,2024-04-04 14:44:32.515000,24,18:00:00,0
1294,2,ESTORNADO,21,2024-03-15 14:50:05.432000,2024-03-15 15:09:06.628000,19,18:00:00,0
1295,2,ESTORNADO,21,2024-03-15 14:48:36.949000,2024-03-15 15:08:18.647000,19,18:00:00,0
1297,2,ESTORNADO,405.6,2024-03-14 12:06:46.102000,2024-03-14 13:23:49.586000,77,18:00:00,0
1299,2,ESTORNADO,21,2024-03-12 17:01:58.875000,2024-03-12 17:06:05.055000,4,18:00:00,0
1303,2,ESTORNADO,212.3,2024-03-07 15:53:28.495000,2024-03-07 16:49:22.006000,55,18:00:00,0
1309,2,ESTORNADO,44,2024-04-29 13:01:27.506000,2024-04-29 13:15:56.679000,14,18:00:00,0
1311,2,ESTORNADO,48,2024-04-25 10:52:04.920000,2024-04-25 10:54:25.470000,2,18:00:00,0
1312,2,ESTORNADO,15.9,2024-04-23 14:25:28.263000,2024-04-23 17:51:09.146000,205,18:00:00,0
1314,2,ESTORNADO,190.5,2024-04-19 16:50:46.330000,2024-04-19 17:09:40.497000,18,18:00:00,0
1315,2,ESTORNADO,10.3,2024-04-19 16:02:47.557000,2024-04-19 16:32:56.106000,30,18:00:00,0
1316,2,ESTORNADO,30.8,2024-04-19 16:06:06.902000,2024-04-19 16:08:33.711000,2,18:00:00,0
1317,2,ESTORNADO,135.3,2024-04-18 11:09:06.578000,2024-04-18 14:17:30.686000,188,18:00:00,0
1318,2,ESTORNADO,40,2024-04-17 14:30:26.507000,2024-04-17 16:32:05.762000,121,18:00:00,0
1321,2,ESTORNADO,133.2,2024-04-16 15:51:31.201000,2024-04-16 15:54:32.674000,3,18:00:00,0
1324,2,ESTORNADO,76.4,2024-04-15 10:49:38.921000,2024-04-15 10:57:12.623000,7,18:00:00,0
1325,2,ESTORNADO,2.55,2024-04-12 11:30:36.766000,2024-04-12 11:31:38.213000,1,18:00:00,0
1326,2,ESTORNADO,22,2024-04-11 11:05:04.746000,2024-04-11 11:25:54.589000,20,18:00:00,0
1328,2,ESTORNADO,38.9,2024-04-11 09:17:03.001000,2024-04-11 09:42:08.428000,25,18:00:00,0
1329,2,ESTORNADO,10.3,2024-04-10 14:36:33.280000,2024-04-10 15:30:01.139000,53,18:00:00,0
1330,2,ESTORNADO,2162.5,2024-04-10 13:12:32.948000,2024-04-10 13:15:14.155000,2,18:00:00,0
1331,2,ESTORNADO,2.55,2024-04-10 13:07:38.132000,2024-04-10 13:14:34.957000,6,18:00:00,0
1338,2,ESTORNADO,25.2,2024-02-05 16:18:50.602000,2024-02-05 17:32:38.181000,73,18:00:00,0
1340,2,ESTORNADO,133.91,2024-02-05 14:41:52.758000,2024-02-05 14:48:13.845000,6,18:00:00,0
1341,2,ESTORNADO,64.1,2024-02-05 11:36:27.609000,2024-02-05 11:41:09.730000,4,18:00:00,0
1342,2,ESTORNADO,2.45,2024-02-05 08:48:39.426000,2024-02-05 08:50:37.123000,1,18:00:00,0
1344,2,ESTORNADO,22.5,2024-02-02 15:15:07.298000,2024-02-02 15:43:43.185000,28,18:00:00,0
1350,2,ESTORNADO,17.25,2024-01-22 12:05:24.878000,2024-01-22 12:06:20.406000,0,18:00:00,0
1352,2,ESTORNADO,85.8,2024-02-06 14:39:48.003000,2024-02-06 14:45:06.578000,5,18:00:00,0
1353,2,ESTORNADO,159.7,2024-01-19 13:29:45.538000,2024-01-19 13:39:30.367000,9,18:00:00,0
1354,2,ESTORNADO,70.8,2024-01-18 17:12:32.309000,2024-01-18 17:13:25.337000,0,18:00:00,0
1356,2,ESTORNADO,24.8,2024-01-16 12:33:35.321000,2024-01-16 13:06:27.016000,32,18:00:00,0
1358,2,ESTORNADO,40.2,2024-01-09 17:46:53.198000,2024-01-09 17:59:06.628000,12,18:00:00,0
1359,2,ESTORNADO,24.9,2024-01-09 17:44:54.416000,2024-01-09 17:58:30.431000,13,18:00:00,0
1361,2,ESTORNADO,3.4,2024-01-08 10:26:02.420000,2024-01-08 11:00:42.894000,34,18:00:00,0
1362,2,ESTORNADO,9.85,2024-01-08 10:31:31.639000,2024-01-08 10:33:16.065000,1,18:00:00,0
1365,2,ESTORNADO,25.8,2024-01-05 12:58:05.693000,2024-01-05 13:01:19.875000,3,18:00:00,0
1366,2,ESTORNADO,9.85,2024-01-02 14:41:07.029000,2024-01-02 17:02:13.221000,141,18:00:00,0
1367,2,ESTORNADO,359.7,2024-02-22 14:41:17.031000,2024-02-22 15:00:58.988000,19,18:00:00,0
1369,2,ESTORNADO,21,2024-03-05 15:23:14.712000,2024-03-05 15:34:48.003000,11,18:00:00,0
1371,2,ESTORNADO,70.8,2024-03-04 17:21:35.083000,2024-03-04 17:30:06.685000,8,18:00:00,0
1375,2,ESTORNADO,38.2,2024-03-01 09:50:46.017000,2024-03-01 12:37:10.470000,166,18:00:00,0
1380,2,ESTORNADO,55.6,2024-02-27 11:47:18.711000,2024-02-27 12:54:46.307000,67,18:00:00,0
1386,2,ESTORNADO,45.5,2024-02-20 09:24:26.557000,2024-02-20 10:29:19.110000,64,18:00:00,0
1391,2,ESTORNADO,91.6,2024-02-15 11:51:08.584000,2024-02-15 12:26:41.989000,35,18:00:00,0
1396,2,ESTORNADO,18.2,2024-02-07 10:32:00.746000,2024-02-07 10:33:46.612000,1,18:00:00,0
1406,2,ESTORNADO,22,2024-07-15 09:34:15.446000,2024-07-15 10:31:19.086000,57,18:00:00,0
1412,2,ESTORNADO,23.6,2024-07-08 09:35:42.726000,2024-07-08 09:44:26.563000,8,18:00:00,0
1414,2,ESTORNADO,96.9,2024-07-05 14:58:50.453000,2024-07-05 15:01:22.238000,2,18:00:00,0
1415,2,ESTORNADO,23.6,2024-07-04 11:14:26.876000,2024-07-04 11:29:25.571000,14,18:00:00,0
1417,2,ESTORNADO,22,2024-06-28 11:43:22.106000,2024-06-28 11:49:28.336000,6,18:00:00,0
1418,2,ESTORNADO,95,2024-06-27 12:54:14.560000,2024-06-27 14:51:44.435000,117,18:00:00,0
1419,2,ESTORNADO,19.05,2024-06-27 10:08:15.365000,2024-06-27 10:18:41.126000,10,18:00:00,0
1421,2,ESTORNADO,36.8,2024-06-24 10:07:54.684000,2024-06-24 13:20:26.669000,192,18:00:00,0
1422,2,ESTORNADO,22,2024-06-24 09:15:41.690000,2024-06-24 09:16:38.822000,0,18:00:00,0
1425,2,ESTORNADO,224.35,2024-06-19 15:58:01.695000,2024-06-19 15:59:59.628000,1,18:00:00,0
1426,2,ESTORNADO,95.6,2024-06-18 17:24:20.926000,2024-06-18 17:53:57.932000,29,18:00:00,0
1430,2,ESTORNADO,26.1,2024-08-26 11:46:39.877000,2024-08-26 13:02:53.968000,76,18:00:00,0
1434,2,ESTORNADO,52.2,2024-08-21 14:37:38.587000,2024-08-21 15:17:11.663000,39,18:00:00,0
1436,2,ESTORNADO,22,2024-08-19 11:14:00.606000,2024-08-19 13:17:16.528000,123,18:00:00,0
1438,2,ESTORNADO,11.3,2024-08-16 13:51:21.291000,2024-08-16 13:52:55.978000,1,18:00:00,0
1450,2,ESTORNADO,89.5,2024-08-02 10:56:13.266000,2024-08-02 10:56:54.752000,0,18:00:00,0
1454,2,ESTORNADO,11.3,2024-07-29 13:33:11.525000,2024-07-29 13:34:19.340000,1,18:00:00,0
1459,2,ESTORNADO,35.3,2024-05-16 16:29:10.862000,2024-05-16 16:36:35.111000,7,18:00:00,0
1460,2,ESTORNADO,38.1,2024-05-16 12:45:59.422000,2024-05-16 13:38:46.024000,52,18:00:00,0
1462,2,ESTORNADO,26,2024-05-15 14:50:37.077000,2024-05-15 14:53:45.280000,3,18:00:00,0
1463,2,ESTORNADO,52,2024-05-15 14:49:19.857000,2024-05-15 14:53:28.746000,4,18:00:00,0
1464,2,ESTORNADO,36.3,2024-05-15 13:07:36.528000,2024-05-15 13:08:40.689000,1,18:00:00,0
1465,2,ESTORNADO,36.8,2024-05-14 17:36:01.268000,2024-05-14 17:38:13.070000,2,18:00:00,0
1469,2,ESTORNADO,248.2,2024-05-08 17:01:05.294000,2024-05-08 17:21:22.345000,20,18:00:00,0
1470,2,ESTORNADO,47.5,2024-05-08 17:18:24.967000,2024-05-08 17:20:56.890000,2,18:00:00,0
1471,2,ESTORNADO,188.25,2024-05-08 16:22:22.354000,2024-05-08 16:58:35.678000,36,18:00:00,0
1476,2,ESTORNADO,270.75,2024-05-06 11:39:18.689000,2024-05-06 13:16:05.044000,96,18:00:00,0
1477,2,ESTORNADO,270.75,2024-05-06 11:35:35.859000,2024-05-06 13:15:41.209000,100,18:00:00,0
1480,2,ESTORNADO,7.65,2024-05-06 10:23:43.842000,2024-05-06 10:25:34.346000,1,18:00:00,0
1481,2,ESTORNADO,11.3,2024-05-03 09:42:23.873000,2024-05-03 15:22:27.115000,340,18:00:00,0
1482,2,ESTORNADO,61.1,2024-05-03 09:20:26.739000,2024-05-03 09:22:17.873000,1,18:00:00,0
1483,2,ESTORNADO,76.9,2024-05-02 15:43:28.919000,2024-05-02 16:57:01.817000,73,18:00:00,0
1486,2,ESTORNADO,26,2024-05-02 10:31:11.737000,2024-05-02 10:42:37.085000,11,18:00:00,0
1488,2,ESTORNADO,67.1,2024-06-04 09:54:04.915000,2024-06-04 10:39:01.871000,44,18:00:00,0
1489,2,ESTORNADO,22,2024-06-17 12:00:47.494000,2024-06-17 12:01:39.833000,0,18:00:00,0
1491,2,ESTORNADO,77.2,2024-06-14 09:31:33.629000,2024-06-14 10:06:22.264000,34,18:00:00,0
1493,2,ESTORNADO,22,2024-06-12 09:56:00.409000,2024-06-12 10:06:02.897000,10,18:00:00,0
1494,2,ESTORNADO,76.4,2024-06-10 12:27:22.069000,2024-06-10 12:37:30.913000,10,18:00:00,0
1495,2,ESTORNADO,40.2,2024-06-07 10:54:07.650000,2024-06-07 11:04:12.916000,10,18:00:00,0
1498,2,ESTORNADO,29,2024-06-04 17:09:49.226000,2024-06-04 17:10:36.607000,0,18:00:00,0
1504,2,ESTORNADO,67.1,2024-06-04 09:51:34.365000,2024-06-04 10:32:18.255000,40,18:00:00,0
1507,2,ESTORNADO,54.25,2024-05-29 15:47:26.660000,2024-05-29 17:41:58.522000,114,18:00:00,0
1508,2,ESTORNADO,2.55,2024-05-29 11:51:03.914000,2024-05-29 12:09:37.621000,18,18:00:00,0
1509,2,ESTORNADO,42.9,2024-05-29 09:17:51.830000,2024-05-29 09:45:05.093000,27,18:00:00,0
1510,2,ESTORNADO,248.9,2024-05-28 13:00:14.900000,2024-05-28 16:50:44.206000,230,18:00:00,0
1515,2,ESTORNADO,293.2,2024-05-23 10:08:02.319000,2024-05-23 10:14:47.072000,6,18:00:00,0
1516,2,ESTORNADO,287.4,2024-05-20 15:48:20.506000,2024-05-20 16:05:10.138000,16,18:00:00,0
1517,2,ESTORNADO,22,2024-05-20 13:37:35.321000,2024-05-20 13:39:53.096000,2,18:00:00,0
1119,1,ESTORNADO,28.7,2024-10-21 14:48:26.110000,2024-10-21 14:50:05.264000,1,17:00:00,0
1121,1,ESTORNADO,30.8,2024-10-21 16:33:06.987000,2024-10-21 16:38:47.356000,5,17:00:00,0
1125,1,ESTORNADO,22,2024-10-25 15:39:11.506000,2024-10-25 15:43:07.359000,3,17:00:00,0
1126,1,ESTORNADO,171.45,2024-10-29 09:12:19.530000,2024-10-29 09:26:56.538000,14,17:00:00,0
1127,1,ESTORNADO,10.3,2024-10-29 14:59:10.604000,2024-10-29 15:52:44.136000,53,17:00:00,0
1129,1,ESTORNADO,83.9,2024-08-27 12:19:31.875000,2024-08-27 12:20:54.431000,1,17:00:00,0
1130,1,ESTORNADO,231.85,2024-09-09 13:08:18.531000,2024-09-09 13:14:44.359000,6,17:00:00,0
1131,1,ESTORNADO,58.2,2024-09-24 16:26:45.043000,2024-09-24 16:35:13.236000,8,17:00:00,0
1135,1,ESTORNADO,280.65,2024-09-18 15:21:10.635000,2024-09-18 15:23:04.153000,1,17:00:00,0
1136,1,ESTORNADO,135.4,2024-09-16 12:31:56.728000,2024-09-16 12:33:31.716000,1,17:00:00,0
1137,1,ESTORNADO,11.3,2024-09-13 14:37:20.698000,2024-09-13 15:41:23.514000,64,17:00:00,0
1138,1,ESTORNADO,11.3,2024-09-13 13:21:50.849000,2024-09-13 13:23:20.940000,1,17:00:00,0
1139,1,ESTORNADO,22,2024-09-12 13:16:16.943000,2024-09-12 13:23:09.076000,6,17:00:00,0
1140,1,ESTORNADO,71.5,2024-09-09 14:53:51.826000,2024-09-09 15:00:42.869000,6,17:00:00,0
1142,1,ESTORNADO,11.3,2024-09-09 11:08:28.013000,2024-09-09 11:15:25.863000,6,17:00:00,0
1143,1,ESTORNADO,25.5,2024-09-05 13:36:08.887000,2024-09-05 13:53:07.589000,16,17:00:00,0
1148,1,ESTORNADO,28.5,2024-08-27 16:14:21.668000,2024-08-27 16:46:58.783000,32,17:00:00,0
1151,1,ESTORNADO,106.7,2024-10-10 12:12:39.269000,2024-10-10 15:39:42.561000,207,17:00:00,0
1156,1,ESTORNADO,22,2024-10-16 10:05:24.141000,2024-10-16 10:09:12.112000,3,17:00:00,0
1159,1,ESTORNADO,26.5,2024-10-11 15:57:00.519000,2024-10-11 16:09:25.870000,12,17:00:00,0
1160,1,ESTORNADO,58.2,2024-10-11 15:03:58.804000,2024-10-11 15:06:51.221000,2,17:00:00,0
1161,1,ESTORNADO,148.5,2024-10-10 15:48:20.419000,2024-10-10 15:55:15.767000,6,17:00:00,0
1165,1,ESTORNADO,218.55,2024-10-02 11:36:23.160000,2024-10-02 11:37:23.260000,1,17:00:00,0
1167,1,ESTORNADO,23.6,2024-09-30 14:55:53.751000,2024-09-30 14:56:46.459000,0,17:00:00,0
1169,1,ESTORNADO,58.2,2024-09-27 10:32:13.361000,2024-09-27 11:18:02.653000,45,17:00:00,0
1172,1,ESTORNADO,544.12,2025-01-24 13:21:35.902000,2025-01-24 14:53:21.080000,91,17:00:00,0
1173,1,ESTORNADO,62.9,2025-02-12 14:00:19.278835,2025-02-12 15:26:00.178173,85,17:00:00,0
1176,1,ESTORNADO,620.62,2025-02-06 14:34:38.930016,2025-02-06 15:05:36.031143,30,17:00:00,0
1177,1,ESTORNADO,138.4,2025-02-06 12:27:20.751733,2025-02-06 12:33:00.827327,5,17:00:00,0
1180,1,ESTORNADO,175.4,2025-01-30 13:17:20.874884,2025-01-30 14:16:49.065574,59,17:00:00,0
1181,1,ESTORNADO,368.4,2025-01-30 13:43:21.559792,2025-01-30 13:50:58.463415,7,17:00:00,0
1189,1,ESTORNADO,733.3,2025-01-15 16:05:02.505000,2025-01-15 16:20:14.161000,15,17:00:00,0
1191,1,ESTORNADO,10.65,2025-01-13 14:06:27.827000,2025-01-13 14:07:36.819000,1,17:00:00,0
1194,1,ESTORNADO,362.6,2025-01-09 13:11:37.258000,2025-01-09 14:09:34.524000,57,17:00:00,0
1198,1,ESTORNADO,173.8,2025-02-26 15:28:32.008162,2025-02-26 15:57:26.770323,28,17:00:00,0
1199,1,ESTORNADO,127.3,2024-01-02 11:50:19.704000,2024-01-02 12:31:39.357000,41,17:00:00,0
1202,1,ESTORNADO,178,2025-03-10 12:51:15.660792,2025-03-10 13:43:44.107951,52,17:00:00,0
1203,1,ESTORNADO,58.2,2025-03-10 11:22:20.413040,2025-03-10 11:23:17.828301,0,17:00:00,0
1204,1,ESTORNADO,302.4,2025-03-06 14:06:44.514827,2025-03-06 15:07:41.351921,60,17:00:00,0
1208,1,ESTORNADO,123.6,2025-02-28 14:21:17.360545,2025-02-28 14:53:53.051423,32,17:00:00,0
1209,1,ESTORNADO,36.8,2025-02-28 12:11:50.751491,2025-02-28 12:23:45.641912,11,17:00:00,0
1212,1,ESTORNADO,26.1,2025-02-26 13:15:36.626060,2025-02-26 13:20:21.224456,4,17:00:00,0
1213,1,ESTORNADO,198.2,2025-02-25 13:21:16.617177,2025-02-25 15:47:33.004917,146,17:00:00,0
1214,1,ESTORNADO,40,2025-02-25 14:05:37.990090,2025-02-25 14:25:24.600499,19,17:00:00,0
1215,1,ESTORNADO,167.92,2025-02-25 11:37:05.653767,2025-02-25 11:49:12.222805,12,17:00:00,0
1219,1,ESTORNADO,365.62,2025-02-19 15:29:55.794613,2025-02-19 16:36:01.062820,66,17:00:00,0
1222,1,ESTORNADO,34.4,2025-02-17 09:47:47.091790,2025-02-17 09:51:53.118939,4,17:00:00,0
1226,1,ESTORNADO,7.65,2024-12-09 10:30:35.264000,2024-12-09 11:26:05.514000,55,17:00:00,0
1230,1,ESTORNADO,61.1,2024-12-02 15:33:49.543000,2024-12-02 15:53:52.893000,20,17:00:00,0
1231,1,ESTORNADO,22,2024-12-02 12:13:32.492000,2024-12-02 12:30:38.977000,17,17:00:00,0
1235,1,ESTORNADO,36.8,2024-11-28 09:17:02.282000,2024-11-28 09:19:26.948000,2,17:00:00,0
1237,1,ESTORNADO,29.75,2024-12-09 13:47:00.048000,2024-12-09 13:56:28.708000,9,17:00:00,0
1241,1,ESTORNADO,23.6,2024-11-19 16:49:02.609000,2024-11-19 16:53:46.945000,4,17:00:00,0
1242,1,ESTORNADO,31.4,2024-11-19 11:06:09.898000,2024-11-19 11:16:03.373000,9,17:00:00,0
1248,1,ESTORNADO,23.6,2024-11-05 15:15:03.600000,2024-11-05 15:26:25.444000,11,17:00:00,0
1251,1,ESTORNADO,38.3,2025-01-07 09:46:57.721000,2025-01-07 09:49:07.363000,2,17:00:00,0
1252,1,ESTORNADO,151.9,2025-01-06 11:02:51.558000,2025-01-06 11:12:14.219000,9,17:00:00,0
1253,1,ESTORNADO,23.6,2025-01-03 13:06:53.918000,2025-01-03 13:15:08.901000,8,17:00:00,0
1254,1,ESTORNADO,36.8,2025-01-03 10:53:51.949000,2025-01-03 10:54:19.399000,0,17:00:00,0
1257,1,ESTORNADO,23.6,2024-12-30 09:24:17.174000,2024-12-30 09:24:46.711000,0,17:00:00,0
1261,1,ESTORNADO,97.8,2024-12-23 16:17:28.790000,2024-12-23 16:19:25.684000,1,17:00:00,0
1264,1,ESTORNADO,22,2024-12-23 13:12:15.029000,2024-12-23 13:15:27.808000,3,17:00:00,0
1267,1,ESTORNADO,2.55,2024-12-19 15:17:21.842000,2024-12-19 16:14:06.596000,56,17:00:00,0
1269,1,ESTORNADO,74.1,2024-12-18 12:05:46.920000,2024-12-18 12:07:03.990000,1,17:00:00,0
1270,1,ESTORNADO,22,2024-12-17 16:01:22.778000,2024-12-17 16:02:27.983000,1,17:00:00,0
1271,1,ESTORNADO,34.4,2024-12-17 10:33:26.762000,2024-12-17 10:39:32.071000,6,17:00:00,0
1272,1,ESTORNADO,695.9,2024-12-16 16:32:03.187000,2024-12-16 16:37:48.702000,5,17:00:00,0
1275,1,ESTORNADO,163.6,2024-12-11 09:42:03.929000,2024-12-11 09:48:13.260000,6,17:00:00,0
1276,1,ESTORNADO,56.5,2024-03-18 12:45:10.325000,2024-03-18 15:57:22.346000,192,17:00:00,0
1277,1,ESTORNADO,58.2,2024-04-04 13:24:04.152000,2024-04-04 13:45:00.413000,20,17:00:00,0
1278,1,ESTORNADO,40.7,2024-04-03 11:39:17.662000,2024-04-03 11:40:26.143000,1,17:00:00,0
1279,1,ESTORNADO,26,2024-04-03 11:03:46.924000,2024-04-03 11:22:18.690000,18,17:00:00,0
1280,1,ESTORNADO,45.8,2024-04-02 16:02:55.422000,2024-04-02 16:11:51.499000,8,17:00:00,0
1281,1,ESTORNADO,4.9,2024-03-30 09:09:34.281000,2024-03-30 09:11:22.320000,1,17:00:00,0
1283,1,ESTORNADO,28.4,2024-03-27 16:02:16.127000,2024-03-27 16:08:26.157000,6,17:00:00,0
1287,1,ESTORNADO,56.5,2024-03-21 16:10:39.937000,2024-03-21 16:14:10.727000,3,17:00:00,0
1288,1,ESTORNADO,18.2,2024-03-21 13:17:08.926000,2024-03-21 15:29:18.676000,132,17:00:00,0
1289,1,ESTORNADO,425.75,2024-03-21 15:07:57.550000,2024-03-21 15:28:28.518000,20,17:00:00,0
1290,1,ESTORNADO,18.2,2024-03-21 12:45:42.983000,2024-03-21 12:48:03.153000,2,17:00:00,0
1293,1,ESTORNADO,49.1,2024-03-16 12:03:31.992000,2024-03-16 12:10:15.778000,6,17:00:00,0
1296,1,ESTORNADO,25.8,2024-03-14 15:50:41.038000,2024-03-14 16:08:56.666000,18,17:00:00,0
1298,1,ESTORNADO,232,2024-03-14 12:49:25.393000,2024-03-14 13:04:51.854000,15,17:00:00,0
1300,1,ESTORNADO,79.6,2024-03-12 14:34:28.286000,2024-03-12 14:57:12.819000,22,17:00:00,0
1301,1,ESTORNADO,35.1,2024-03-11 11:56:10.487000,2024-03-11 12:01:04.199000,4,17:00:00,0
1302,1,ESTORNADO,47.1,2024-03-09 09:50:05.684000,2024-03-09 10:33:07.355000,43,17:00:00,0
1304,1,ESTORNADO,322,2024-03-07 16:32:46.652000,2024-03-07 16:40:23.799000,7,17:00:00,0
1305,1,ESTORNADO,27.4,2024-03-07 15:16:47.422000,2024-03-07 15:23:46.153000,6,17:00:00,0
1307,1,ESTORNADO,29,2024-04-16 11:07:30.145000,2024-04-16 11:20:34.090000,13,17:00:00,0
1310,1,ESTORNADO,41.33,2024-04-26 16:28:15.267000,2024-04-26 16:34:33.074000,6,17:00:00,0
1313,1,ESTORNADO,60.3,2024-04-23 15:26:36.539000,2024-04-23 15:38:55.975000,12,17:00:00,0
1319,1,ESTORNADO,69.5,2024-04-17 12:22:37.438000,2024-04-17 12:33:03.547000,10,17:00:00,0
1320,1,ESTORNADO,226,2024-04-16 16:48:30.239000,2024-04-16 16:57:15.420000,8,17:00:00,0
1322,1,ESTORNADO,21,2024-03-06 16:37:43.505000,2024-03-06 16:49:59.659000,12,17:00:00,0
1323,1,ESTORNADO,127.4,2024-04-15 13:14:36.940000,2024-04-15 13:22:02.129000,7,17:00:00,0
1332,1,ESTORNADO,65.2,2024-04-10 11:03:20.075000,2024-04-10 11:12:04.953000,8,17:00:00,0
1333,1,ESTORNADO,28.5,2024-04-08 12:44:33.515000,2024-04-08 12:54:24.992000,9,17:00:00,0
1334,1,ESTORNADO,28.5,2024-04-08 12:48:48.126000,2024-04-08 12:53:34.700000,4,17:00:00,0
1335,1,ESTORNADO,47.2,2024-04-05 15:20:47.064000,2024-04-05 15:26:54.352000,6,17:00:00,0
1337,1,ESTORNADO,48.6,2024-01-19 14:02:34.143000,2024-01-19 14:09:20.664000,6,17:00:00,0
1339,1,ESTORNADO,37.2,2024-02-05 15:45:24.673000,2024-02-05 16:16:32.593000,31,17:00:00,0
1343,1,ESTORNADO,22.5,2024-02-02 16:41:35.866000,2024-02-02 16:47:48.480000,6,17:00:00,0
1345,1,ESTORNADO,21,2024-02-02 14:47:24.555000,2024-02-02 14:53:28.485000,6,17:00:00,0
1346,1,ESTORNADO,49.8,2024-01-31 14:59:28.399000,2024-01-31 15:04:19.856000,4,17:00:00,0
1347,1,ESTORNADO,21,2024-01-29 11:50:51.712000,2024-01-29 11:57:26.091000,6,17:00:00,0
1348,1,ESTORNADO,9.85,2024-01-26 15:09:57.521000,2024-01-26 15:14:19.142000,4,17:00:00,0
1349,1,ESTORNADO,119.2,2024-01-26 12:19:28.961000,2024-01-26 13:13:05.554000,53,17:00:00,0
1351,1,ESTORNADO,5.25,2024-01-20 08:55:57.331000,2024-01-20 08:56:34.324000,0,17:00:00,0
1355,1,ESTORNADO,39.25,2024-01-16 16:34:25.617000,2024-01-16 16:47:30.212000,13,17:00:00,0
1360,1,ESTORNADO,22.5,2024-01-09 15:00:26.228000,2024-01-09 15:03:31.187000,3,17:00:00,0
1363,1,ESTORNADO,322.75,2024-01-08 10:21:35.434000,2024-01-08 10:26:06.493000,4,17:00:00,0
1364,1,ESTORNADO,83.4,2024-01-06 09:09:45.488000,2024-01-06 09:13:07.030000,3,17:00:00,0
1368,1,ESTORNADO,212.3,2024-03-06 10:49:16.026000,2024-03-06 10:57:17.898000,8,17:00:00,0
1370,1,ESTORNADO,21,2024-03-05 10:07:31.620000,2024-03-05 15:18:06.269000,310,17:00:00,0
1373,1,ESTORNADO,38.59,2024-03-04 15:04:03.053000,2024-03-04 15:37:25.481000,33,17:00:00,0
1374,1,ESTORNADO,29.4,2024-03-04 14:53:10.358000,2024-03-04 14:58:49.398000,5,17:00:00,0
1376,1,ESTORNADO,49.8,2024-03-01 11:23:54.387000,2024-03-01 11:53:36.679000,29,17:00:00,0
1377,1,ESTORNADO,21,2024-02-27 14:46:17.229000,2024-02-27 15:27:48.426000,41,17:00:00,0
1378,1,ESTORNADO,21,2024-02-27 14:45:16.603000,2024-02-27 15:27:21.774000,42,17:00:00,0
1379,1,ESTORNADO,21,2024-02-27 14:44:32.165000,2024-02-27 15:26:49.915000,42,17:00:00,0
1381,1,ESTORNADO,12.15,2024-02-23 14:05:39.590000,2024-02-23 15:15:22.685000,69,17:00:00,0
1382,1,ESTORNADO,44,2024-04-29 15:13:45.172000,2024-04-29 15:18:08.504000,4,17:00:00,0
1383,1,ESTORNADO,5.55,2024-02-22 13:04:33.524000,2024-02-22 14:46:56.170000,102,17:00:00,0
1384,1,ESTORNADO,25.8,2024-02-20 12:18:18.284000,2024-02-20 12:34:03.834000,15,17:00:00,0
1385,1,ESTORNADO,212.3,2024-02-20 11:24:13.281000,2024-02-20 11:46:18.642000,22,17:00:00,0
1388,1,ESTORNADO,4.9,2024-02-16 14:02:56.040000,2024-02-16 15:43:34.541000,100,17:00:00,0
1389,1,ESTORNADO,7.35,2024-02-16 14:03:38.494000,2024-02-16 15:42:53.394000,99,17:00:00,0
1390,1,ESTORNADO,26.95,2024-02-16 14:04:53.035000,2024-02-16 15:42:05.953000,97,17:00:00,0
1392,1,ESTORNADO,61.3,2024-02-14 15:41:59.591000,2024-02-14 16:24:56.248000,42,17:00:00,0
1393,1,ESTORNADO,9.85,2024-02-14 14:27:30.763000,2024-02-14 14:37:15.197000,9,17:00:00,0
1394,1,ESTORNADO,60.4,2024-02-09 16:26:22.595000,2024-02-09 16:29:07.722000,2,17:00:00,0
1395,1,ESTORNADO,25.8,2024-02-07 13:29:14.090000,2024-02-07 15:17:44.843000,108,17:00:00,0
1397,1,ESTORNADO,170.8,2024-07-06 11:02:16.610000,2024-07-06 11:09:29.165000,7,17:00:00,0
1398,1,ESTORNADO,8.65,2024-07-25 09:44:24.646000,2024-07-25 09:50:22.175000,5,17:00:00,0
1399,1,ESTORNADO,138.83,2024-07-23 15:09:07.860000,2024-07-23 15:43:57.816000,34,17:00:00,0
1400,1,ESTORNADO,30.8,2024-07-22 16:49:25.796000,2024-07-22 16:53:36.548000,4,17:00:00,0
1402,1,ESTORNADO,70.8,2024-07-17 11:05:53.348000,2024-07-17 11:07:18.157000,1,17:00:00,0
1407,1,ESTORNADO,33.75,2024-07-12 15:34:16.466000,2024-07-12 15:38:04.844000,3,17:00:00,0
1408,1,ESTORNADO,36.8,2024-07-11 16:16:27.739000,2024-07-11 16:18:11.638000,1,17:00:00,0
1409,1,ESTORNADO,20.45,2024-07-11 15:36:16.334000,2024-07-11 15:37:53.098000,1,17:00:00,0
1410,1,ESTORNADO,40,2024-07-10 12:52:34.410000,2024-07-10 12:53:56.452000,1,17:00:00,0
1411,1,ESTORNADO,77.7,2024-07-08 15:20:45.035000,2024-07-08 15:22:03.408000,1,17:00:00,0
1416,1,ESTORNADO,2.55,2024-07-01 12:41:59.469000,2024-07-01 13:40:26.408000,58,17:00:00,0
1420,1,ESTORNADO,36.8,2024-06-27 09:22:03.720000,2024-06-27 09:27:13.933000,5,17:00:00,0
1423,1,ESTORNADO,56.1,2024-06-22 11:53:58.742000,2024-06-22 11:56:40.580000,2,17:00:00,0
1424,1,ESTORNADO,52.2,2024-06-21 09:53:46.493000,2024-06-21 10:09:01.421000,15,17:00:00,0
1427,1,ESTORNADO,22,2024-06-18 11:02:26.065000,2024-06-18 13:26:52.346000,144,17:00:00,0
1428,1,ESTORNADO,22,2024-08-09 11:46:59.514000,2024-08-09 11:47:44.609000,0,17:00:00,0
1435,1,ESTORNADO,22,2024-08-20 15:38:32.744000,2024-08-20 15:39:22.924000,0,17:00:00,0
1437,1,ESTORNADO,22,2024-08-16 15:28:02.213000,2024-08-16 15:29:41.270000,1,17:00:00,0
1439,1,ESTORNADO,28.7,2024-08-14 15:52:24.056000,2024-08-14 16:11:40.690000,19,17:00:00,0
1440,1,ESTORNADO,43.1,2024-08-14 15:25:25.433000,2024-08-14 15:28:16.829000,2,17:00:00,0
1441,1,ESTORNADO,40,2024-08-14 11:02:15.285000,2024-08-14 11:11:08.426000,8,17:00:00,0
1442,1,ESTORNADO,22,2024-08-13 16:14:00.871000,2024-08-13 16:15:57.054000,1,17:00:00,0
1443,1,ESTORNADO,30.8,2024-06-17 13:50:54.173000,2024-06-17 14:09:59.725000,19,17:00:00,0
1445,1,ESTORNADO,363.37,2024-08-08 15:24:41.274000,2024-08-08 15:29:23.667000,4,17:00:00,0
1446,1,ESTORNADO,22,2024-08-06 15:13:19.152000,2024-08-06 15:19:46.520000,6,17:00:00,0
1448,1,ESTORNADO,61.1,2024-08-02 16:13:58.213000,2024-08-02 16:56:25.827000,42,17:00:00,0
1449,1,ESTORNADO,36.8,2024-08-02 13:13:43.760000,2024-08-02 13:15:31.576000,1,17:00:00,0
1451,1,ESTORNADO,51.5,2024-07-31 13:38:19.690000,2024-07-31 13:39:51.217000,1,17:00:00,0
1452,1,ESTORNADO,22,2024-07-31 10:31:59.496000,2024-07-31 10:33:46.972000,1,17:00:00,0
1453,1,ESTORNADO,22,2024-07-30 14:56:26.018000,2024-07-30 15:13:48.961000,17,17:00:00,0
1455,1,ESTORNADO,40,2024-07-26 15:28:12.548000,2024-07-26 16:42:14.724000,74,17:00:00,0
1456,1,ESTORNADO,37.1,2024-07-26 14:11:13.149000,2024-07-26 14:31:57.068000,20,17:00:00,0
1457,1,ESTORNADO,23.6,2024-07-26 10:50:17.978000,2024-07-26 10:54:32.385000,4,17:00:00,0
1458,1,ESTORNADO,28.5,2024-05-08 10:57:38.089000,2024-05-08 11:33:30.600000,35,17:00:00,0
1468,1,ESTORNADO,69.95,2024-05-09 14:37:14.901000,2024-05-09 14:38:29.647000,1,17:00:00,0
1472,1,ESTORNADO,391.4,2024-05-08 10:21:14.617000,2024-05-08 13:11:35.684000,170,17:00:00,0
1474,1,ESTORNADO,190.8,2024-05-07 14:55:53.660000,2024-05-07 15:01:21.157000,5,17:00:00,0
1475,1,ESTORNADO,218.55,2024-05-06 15:40:14.166000,2024-05-06 15:48:04.204000,7,17:00:00,0
1478,1,ESTORNADO,206.5,2024-05-06 12:03:08.064000,2024-05-06 12:08:41.374000,5,17:00:00,0
1479,1,ESTORNADO,26.5,2024-05-06 10:20:34.195000,2024-05-06 10:26:31.301000,5,17:00:00,0
1485,1,ESTORNADO,10.3,2024-05-02 12:40:20.406000,2024-05-02 14:17:07.451000,96,17:00:00,0
1487,1,ESTORNADO,99.5,2024-04-30 09:47:25.746000,2024-04-30 09:56:59.903000,9,17:00:00,0
1490,1,ESTORNADO,40,2024-06-14 13:55:58.829000,2024-06-14 14:03:31.184000,7,17:00:00,0
1492,1,ESTORNADO,66,2024-06-13 14:49:04.651000,2024-06-13 14:50:17.004000,1,17:00:00,0
1496,1,ESTORNADO,38.9,2024-06-05 16:47:59.946000,2024-06-05 16:50:31.417000,2,17:00:00,0
1497,1,ESTORNADO,12.7,2024-06-05 10:23:54.021000,2024-06-05 10:31:17.859000,7,17:00:00,0
1499,1,ESTORNADO,234.55,2024-06-04 15:42:51.754000,2024-06-04 15:46:50.425000,3,17:00:00,0
1500,1,ESTORNADO,26,2024-06-04 14:52:24.667000,2024-06-04 14:56:04.809000,3,17:00:00,0
1501,1,ESTORNADO,542.05,2024-06-04 11:44:56.878000,2024-06-04 11:45:33.624000,0,17:00:00,0
1502,1,ESTORNADO,56.1,2024-06-04 11:05:10.456000,2024-06-04 11:10:07.169000,4,17:00:00,0
1503,1,ESTORNADO,26,2024-08-27 11:31:23.617000,2024-08-27 11:36:56.325000,5,17:00:00,0
1505,1,ESTORNADO,76.8,2024-06-03 11:29:27.592000,2024-06-03 11:36:27.617000,6,17:00:00,0
1506,1,ESTORNADO,77.7,2024-06-01 12:04:18.914000,2024-06-01 12:07:56.388000,3,17:00:00,0
1512,1,ESTORNADO,30.8,2024-05-28 11:54:08.916000,2024-05-28 11:57:53.587000,3,17:00:00,0
1513,1,ESTORNADO,30.8,2024-05-28 09:12:48.124000,2024-05-28 11:56:22.206000,163,17:00:00,0
1514,1,ESTORNADO,186.45,2024-05-27 14:40:22.972000,2024-05-27 14:49:56.956000,9,17:00:00,0
